nodes, nesting, dset, gset, omp, power, usertime
1536, DGZ, 8, 1, 1, 0, 30.75
1536, DGZ, 8, 2, 1, 0, 23.52
1536, DGZ, 8, 4, 1, 0, 21.37
1536, DGZ, 8, 8, 1, 0, 19.94
1536, DGZ, 8, 16, 1, 0, 19.37
1536, DGZ, 8, 32, 1, 0, 20.98
1536, DGZ, 8, 64, 1, 0, 20.99
1536, DGZ, 16, 1, 1, 0, 23.57
1536, DGZ, 16, 2, 1, 0, 21.93
1536, DGZ, 16, 4, 1, 0, 20.64
1536, DGZ, 16, 8, 1, 0, 19.66
1536, DGZ, 16, 16, 1, 0, 20.26
1536, DGZ, 16, 32, 1, 0, 21.7
1536, DGZ, 16, 64, 1, 0, 21.4
1536, DGZ, 32, 1, 1, 0, 23.25
1536, DGZ, 32, 2, 1, 0, 22.11
1536, DGZ, 32, 4, 1, 0, 22.46
1536, DGZ, 32, 8, 1, 0, 21.94
1536, DGZ, 32, 16, 1, 0, 20.55
1536, DGZ, 32, 32, 1, 0, 21.75
1536, DGZ, 32, 64, 1, 0, 26.15
1536, DGZ, 64, 1, 1, 0, 24.29
1536, DGZ, 64, 2, 1, 0, 24.62
1536, DGZ, 64, 4, 1, 0, 24.27
1536, DGZ, 64, 8, 1, 0, 22.15
1536, DGZ, 64, 16, 1, 0, 21.04
1536, DGZ, 64, 32, 1, 0, 25.76
1536, DGZ, 64, 64, 1, 0, 45.62
1536, DZG, 8, 1, 1, 0, 18.74
1536, DZG, 8, 2, 1, 0, 20.08
1536, DZG, 8, 4, 1, 0, 23.56
1536, DZG, 8, 8, 1, 0, 28.91
1536, DZG, 8, 16, 1, 0, 43.14
1536, DZG, 8, 32, 1, 0, 43.28
1536, DZG, 8, 64, 1, 0, 69.47
1536, DZG, 16, 1, 1, 0, 18.31
1536, DZG, 16, 2, 1, 0, 20.42
1536, DZG, 16, 4, 1, 0, 24.73
1536, DZG, 16, 8, 1, 0, 32.26
1536, DZG, 16, 16, 1, 0, 47.94
1536, DZG, 16, 32, 1, 0, 49.95
1536, DZG, 16, 64, 1, 0, 89.06
1536, DZG, 32, 1, 1, 0, 19.32
1536, DZG, 32, 2, 1, 0, 20.77
1536, DZG, 32, 4, 1, 0, 27.5
1536, DZG, 32, 8, 1, 0, 39.09
1536, DZG, 32, 16, 1, 0, 59.89
1536, DZG, 32, 32, 1, 0, 68.27
1536, DZG, 32, 64, 1, 0, 121.91
1536, DZG, 64, 1, 1, 0, 20.31
1536, DZG, 64, 2, 1, 0, 24.67
1536, DZG, 64, 4, 1, 0, 37.32
1536, DZG, 64, 8, 1, 0, 53
1536, DZG, 64, 16, 1, 0, 84.98
1536, DZG, 64, 32, 1, 0, 101.23
1536, DZG, 64, 64, 1, 0, 201.42
1536, GDZ, 8, 1, 1, 0, 23.71
1536, GDZ, 8, 2, 1, 0, 22.08
1536, GDZ, 8, 4, 1, 0, 19.38
1536, GDZ, 8, 8, 1, 0, 19.79
1536, GDZ, 8, 16, 1, 0, 18.71
1536, GDZ, 8, 32, 1, 0, 19.71
1536, GDZ, 8, 64, 1, 0, 20.45
1536, GDZ, 16, 1, 1, 0, 20.86
1536, GDZ, 16, 2, 1, 0, 20.94
1536, GDZ, 16, 4, 1, 0, 19.75
1536, GDZ, 16, 8, 1, 0, 20.61
1536, GDZ, 16, 16, 1, 0, 19.74
1536, GDZ, 16, 32, 1, 0, 21.68
1536, GDZ, 16, 64, 1, 0, 20.83
1536, GDZ, 32, 1, 1, 0, 21.13
1536, GDZ, 32, 2, 1, 0, 21.06
1536, GDZ, 32, 4, 1, 0, 21.14
1536, GDZ, 32, 8, 1, 0, 21.1
1536, GDZ, 32, 16, 1, 0, 20.98
1536, GDZ, 32, 32, 1, 0, 20.78
1536, GDZ, 32, 64, 1, 0, 25.47
1536, GDZ, 64, 1, 1, 0, 23.58
1536, GDZ, 64, 2, 1, 0, 23.97
1536, GDZ, 64, 4, 1, 0, 24.09
1536, GDZ, 64, 8, 1, 0, 21.57
1536, GDZ, 64, 16, 1, 0, 21.19
1536, GDZ, 64, 32, 1, 0, 26.58
1536, GDZ, 64, 64, 1, 0, 45.95
1536, GZD, 8, 1, 1, 0, 20.72
1536, GZD, 8, 2, 1, 0, 20.16
1536, GZD, 8, 4, 1, 0, 19.13
1536, GZD, 8, 8, 1, 0, 18.91
1536, GZD, 8, 16, 1, 0, 20.57
1536, GZD, 8, 32, 1, 0, 19.97
1536, GZD, 8, 64, 1, 0, 19.99
1536, GZD, 16, 1, 1, 0, 20.5
1536, GZD, 16, 2, 1, 0, 20.24
1536, GZD, 16, 4, 1, 0, 19.57
1536, GZD, 16, 8, 1, 0, 19.05
1536, GZD, 16, 16, 1, 0, 20.15
1536, GZD, 16, 32, 1, 0, 20.38
1536, GZD, 16, 64, 1, 0, 21.51
1536, GZD, 32, 1, 1, 0, 20.55
1536, GZD, 32, 2, 1, 0, 20.99
1536, GZD, 32, 4, 1, 0, 20.88
1536, GZD, 32, 8, 1, 0, 20.77
1536, GZD, 32, 16, 1, 0, 21.5
1536, GZD, 32, 32, 1, 0, 23.06
1536, GZD, 32, 64, 1, 0, 27.17
1536, GZD, 64, 1, 1, 0, 24.31
1536, GZD, 64, 2, 1, 0, 26.34
1536, GZD, 64, 4, 1, 0, 24.48
1536, GZD, 64, 8, 1, 0, 22.29
1536, GZD, 64, 16, 1, 0, 22.99
1536, GZD, 64, 32, 1, 0, 28.01
1536, GZD, 64, 64, 1, 0, 47.31
1536, ZDG, 8, 1, 1, 0, 16
1536, ZDG, 8, 2, 1, 0, 16.28
1536, ZDG, 8, 4, 1, 0, 17.66
1536, ZDG, 8, 8, 1, 0, 18.46
1536, ZDG, 8, 16, 1, 0, 23.48
1536, ZDG, 8, 32, 1, 0, 30.1
1536, ZDG, 8, 64, 1, 0, 45.6
1536, ZDG, 16, 1, 1, 0, 15.87
1536, ZDG, 16, 2, 1, 0, 16.57
1536, ZDG, 16, 4, 1, 0, 18.66
1536, ZDG, 16, 8, 1, 0, 24.72
1536, ZDG, 16, 16, 1, 0, 35.43
1536, ZDG, 16, 32, 1, 0, 45.93
1536, ZDG, 16, 64, 1, 0, 70.98
1536, ZDG, 32, 1, 1, 0, 16.11
1536, ZDG, 32, 2, 1, 0, 19.41
1536, ZDG, 32, 4, 1, 0, 25.48
1536, ZDG, 32, 8, 1, 0, 34.84
1536, ZDG, 32, 16, 1, 0, 51.58
1536, ZDG, 32, 32, 1, 0, 71.59
1536, ZDG, 32, 64, 1, 0, 113.94
1536, ZDG, 64, 1, 1, 0, 20.33
1536, ZDG, 64, 2, 1, 0, 25.68
1536, ZDG, 64, 4, 1, 0, 36.6
1536, ZDG, 64, 8, 1, 0, 54.8
1536, ZDG, 64, 16, 1, 0, 87.35
1536, ZDG, 64, 32, 1, 0, 107.44
1536, ZDG, 64, 64, 1, 0, 214.81
1536, ZGD, 8, 1, 1, 0, 17.38
1536, ZGD, 8, 2, 1, 0, 15.04
1536, ZGD, 8, 4, 1, 0, 14.74
1536, ZGD, 8, 8, 1, 0, 15.59
1536, ZGD, 8, 16, 1, 0, 17.13
1536, ZGD, 8, 32, 1, 0, 17.98
1536, ZGD, 8, 64, 1, 0, 19.81
1536, ZGD, 16, 1, 1, 0, 15.5
1536, ZGD, 16, 2, 1, 0, 16.44
1536, ZGD, 16, 4, 1, 0, 15.79
1536, ZGD, 16, 8, 1, 0, 16.8
1536, ZGD, 16, 16, 1, 0, 18.17
1536, ZGD, 16, 32, 1, 0, 20.64
1536, ZGD, 16, 64, 1, 0, 20.51
1536, ZGD, 32, 1, 1, 0, 18.07
1536, ZGD, 32, 2, 1, 0, 17.5
1536, ZGD, 32, 4, 1, 0, 18.12
1536, ZGD, 32, 8, 1, 0, 20.87
1536, ZGD, 32, 16, 1, 0, 22.16
1536, ZGD, 32, 32, 1, 0, 22.12
1536, ZGD, 32, 64, 1, 0, 31.48
1536, ZGD, 64, 1, 1, 0, 20.05
1536, ZGD, 64, 2, 1, 0, 21.66
1536, ZGD, 64, 4, 1, 0, 23.92
1536, ZGD, 64, 8, 1, 0, 26.07
1536, ZGD, 64, 16, 1, 0, 24.9
1536, ZGD, 64, 32, 1, 0, 32.49
1536, ZGD, 64, 64, 1, 0, 57.48
768, DGZ, 8, 1, 2, 0, 21.67
768, DGZ, 8, 2, 2, 0, 19.36
768, DGZ, 8, 4, 2, 0, 18.13
768, DGZ, 8, 8, 2, 0, 16.64
768, DGZ, 8, 16, 2, 0, 15.89
768, DGZ, 8, 32, 2, 0, 16.59
768, DGZ, 8, 64, 2, 0, 18.12
768, DGZ, 16, 1, 2, 0, 20.19
768, DGZ, 16, 2, 2, 0, 18.16
768, DGZ, 16, 4, 2, 0, 17.15
768, DGZ, 16, 8, 2, 0, 16.56
768, DGZ, 16, 16, 2, 0, 16.4
768, DGZ, 16, 32, 2, 0, 18.39
768, DGZ, 16, 64, 2, 0, 19.4
768, DGZ, 32, 1, 2, 0, 19.27
768, DGZ, 32, 2, 2, 0, 18.01
768, DGZ, 32, 4, 2, 0, 17.8
768, DGZ, 32, 8, 2, 0, 17.97
768, DGZ, 32, 16, 2, 0, 17.37
768, DGZ, 32, 32, 2, 0, 19.67
768, DGZ, 32, 64, 2, 0, 24.57
768, DGZ, 64, 1, 2, 0, 21.44
768, DGZ, 64, 2, 2, 0, 20.95
768, DGZ, 64, 4, 2, 0, 21.72
768, DGZ, 64, 8, 2, 0, 20.03
768, DGZ, 64, 16, 2, 0, 19.48
768, DGZ, 64, 32, 2, 0, 25.62
768, DGZ, 64, 64, 2, 0, 45.15
768, DZG, 8, 1, 2, 0, 14.59
768, DZG, 8, 2, 2, 0, 15.79
768, DZG, 8, 4, 2, 0, 19.94
768, DZG, 8, 8, 2, 0, 25.91
768, DZG, 8, 16, 2, 0, 39.21
768, DZG, 8, 32, 2, 0, 41.62
768, DZG, 8, 64, 2, 0, 72.53
768, DZG, 16, 1, 2, 0, 14.36
768, DZG, 16, 2, 2, 0, 16.56
768, DZG, 16, 4, 2, 0, 20.88
768, DZG, 16, 8, 2, 0, 28.35
768, DZG, 16, 16, 2, 0, 44.7
768, DZG, 16, 32, 2, 0, 47.84
768, DZG, 16, 64, 2, 0, 89.98
768, DZG, 32, 1, 2, 0, 14.82
768, DZG, 32, 2, 2, 0, 17.32
768, DZG, 32, 4, 2, 0, 24.26
768, DZG, 32, 8, 2, 0, 35.45
768, DZG, 32, 16, 2, 0, 56.72
768, DZG, 32, 32, 2, 0, 66.55
768, DZG, 32, 64, 2, 0, 125.54
768, DZG, 64, 1, 2, 0, 16.55
768, DZG, 64, 2, 2, 0, 21.7
768, DZG, 64, 4, 2, 0, 32.93
768, DZG, 64, 8, 2, 0, 49.03
768, DZG, 64, 16, 2, 0, 81.41
768, DZG, 64, 32, 2, 0, 105.9
768, DZG, 64, 64, 2, 0, 209.64
768, GDZ, 8, 1, 2, 0, 19.23
768, GDZ, 8, 2, 2, 0, 16.73
768, GDZ, 8, 4, 2, 0, 15.77
768, GDZ, 8, 8, 2, 0, 15.71
768, GDZ, 8, 16, 2, 0, 15.09
768, GDZ, 8, 32, 2, 0, 15.81
768, GDZ, 8, 64, 2, 0, 18.96
768, GDZ, 16, 1, 2, 0, 17.48
768, GDZ, 16, 2, 2, 0, 17.18
768, GDZ, 16, 4, 2, 0, 16.55
768, GDZ, 16, 8, 2, 0, 15.71
768, GDZ, 16, 16, 2, 0, 15.85
768, GDZ, 16, 32, 2, 0, 16.78
768, GDZ, 16, 64, 2, 0, 20.57
768, GDZ, 32, 1, 2, 0, 18.09
768, GDZ, 32, 2, 2, 0, 18.19
768, GDZ, 32, 4, 2, 0, 17.73
768, GDZ, 32, 8, 2, 0, 16.73
768, GDZ, 32, 16, 2, 0, 17.27
768, GDZ, 32, 32, 2, 0, 18.13
768, GDZ, 32, 64, 2, 0, 26.73
768, GDZ, 64, 1, 2, 0, 19.95
768, GDZ, 64, 2, 2, 0, 20.55
768, GDZ, 64, 4, 2, 0, 21.42
768, GDZ, 64, 8, 2, 0, 18.36
768, GDZ, 64, 16, 2, 0, 18.75
768, GDZ, 64, 32, 2, 0, 24.08
768, GDZ, 64, 64, 2, 0, 45.45
768, GZD, 8, 1, 2, 0, 16.24
768, GZD, 8, 2, 2, 0, 15.06
768, GZD, 8, 4, 2, 0, 14.58
768, GZD, 8, 8, 2, 0, 15.01
768, GZD, 8, 16, 2, 0, 14.8
768, GZD, 8, 32, 2, 0, 14.87
768, GZD, 8, 64, 2, 0, 17.58
768, GZD, 16, 1, 2, 0, 16.6
768, GZD, 16, 2, 2, 0, 15.73
768, GZD, 16, 4, 2, 0, 15.44
768, GZD, 16, 8, 2, 0, 15.88
768, GZD, 16, 16, 2, 0, 16.5
768, GZD, 16, 32, 2, 0, 16.75
768, GZD, 16, 64, 2, 0, 20
768, GZD, 32, 1, 2, 0, 17.57
768, GZD, 32, 2, 2, 0, 17.2
768, GZD, 32, 4, 2, 0, 17.01
768, GZD, 32, 8, 2, 0, 17.82
768, GZD, 32, 16, 2, 0, 18.2
768, GZD, 32, 32, 2, 0, 20.15
768, GZD, 32, 64, 2, 0, 28.21
768, GZD, 64, 1, 2, 0, 20.84
768, GZD, 64, 2, 2, 0, 20.57
768, GZD, 64, 4, 2, 0, 21.33
768, GZD, 64, 8, 2, 0, 20.24
768, GZD, 64, 16, 2, 0, 21.24
768, GZD, 64, 32, 2, 0, 26.82
768, GZD, 64, 64, 2, 0, 49.63
768, ZDG, 8, 1, 2, 0, 14.08
768, ZDG, 8, 2, 2, 0, 13.78
768, ZDG, 8, 4, 2, 0, 14.99
768, ZDG, 8, 8, 2, 0, 17.63
768, ZDG, 8, 16, 2, 0, 23.26
768, ZDG, 8, 32, 2, 0, 34.43
768, ZDG, 8, 64, 2, 0, 58.19
768, ZDG, 16, 1, 2, 0, 13.91
768, ZDG, 16, 2, 2, 0, 15.2
768, ZDG, 16, 4, 2, 0, 18.03
768, ZDG, 16, 8, 2, 0, 24.07
768, ZDG, 16, 16, 2, 0, 37.42
768, ZDG, 16, 32, 2, 0, 56.66
768, ZDG, 16, 64, 2, 0, 89.89
768, ZDG, 32, 1, 2, 0, 15.32
768, ZDG, 32, 2, 2, 0, 18.15
768, ZDG, 32, 4, 2, 0, 24.95
768, ZDG, 32, 8, 2, 0, 38.8
768, ZDG, 32, 16, 2, 0, 63.76
768, ZDG, 32, 32, 2, 0, 91.17
768, ZDG, 32, 64, 2, 0, 157.3
768, ZDG, 64, 1, 2, 0, 17.59
768, ZDG, 64, 2, 2, 0, 23.89
768, ZDG, 64, 4, 2, 0, 39.12
768, ZDG, 64, 8, 2, 0, 63.26
768, ZDG, 64, 16, 2, 0, 104.67
768, ZDG, 64, 32, 2, 0, 147.87
768, ZDG, 64, 64, 2, 0, 289.31
768, ZGD, 8, 1, 2, 0, 15.84
768, ZGD, 8, 2, 2, 0, 13.93
768, ZGD, 8, 4, 2, 0, 13.3
768, ZGD, 8, 8, 2, 0, 14.6
768, ZGD, 8, 16, 2, 0, 15.3
768, ZGD, 8, 32, 2, 0, 22.13
768, ZGD, 8, 64, 2, 0, 29.47
768, ZGD, 16, 1, 2, 0, 14.76
768, ZGD, 16, 2, 2, 0, 14.47
768, ZGD, 16, 4, 2, 0, 15
768, ZGD, 16, 8, 2, 0, 16.56
768, ZGD, 16, 16, 2, 0, 22.59
768, ZGD, 16, 32, 2, 0, 33.17
768, ZGD, 16, 64, 2, 0, 38.71
768, ZGD, 32, 1, 2, 0, 15.98
768, ZGD, 32, 2, 2, 0, 16.99
768, ZGD, 32, 4, 2, 0, 18.17
768, ZGD, 32, 8, 2, 0, 24.57
768, ZGD, 32, 16, 2, 0, 34.71
768, ZGD, 32, 32, 2, 0, 42.98
768, ZGD, 32, 64, 2, 0, 71.98
768, ZGD, 64, 1, 2, 0, 20.33
768, ZGD, 64, 2, 2, 0, 22.15
768, ZGD, 64, 4, 2, 0, 29.23
768, ZGD, 64, 8, 2, 0, 39.87
768, ZGD, 64, 16, 2, 0, 45.54
768, ZGD, 64, 32, 2, 0, 79.69
768, ZGD, 64, 64, 2, 0, 136.06
512, DGZ, 8, 1, 3, 0, 21.66
512, DGZ, 8, 2, 3, 0, 19.25
512, DGZ, 8, 4, 3, 0, 17.98
512, DGZ, 8, 8, 3, 0, 16.75
512, DGZ, 8, 16, 3, 0, 16.18
512, DGZ, 8, 32, 3, 0, 18.11
512, DGZ, 8, 64, 3, 0, 18.99
512, DGZ, 16, 1, 3, 0, 20.65
512, DGZ, 16, 2, 3, 0, 18.85
512, DGZ, 16, 4, 3, 0, 17.95
512, DGZ, 16, 8, 3, 0, 17.41
512, DGZ, 16, 16, 3, 0, 18.18
512, DGZ, 16, 32, 3, 0, 19.43
512, DGZ, 16, 64, 3, 0, 20.99
512, DGZ, 32, 1, 3, 0, 20.67
512, DGZ, 32, 2, 3, 0, 19.67
512, DGZ, 32, 4, 3, 0, 18.86
512, DGZ, 32, 8, 3, 0, 19.53
512, DGZ, 32, 16, 3, 0, 19.58
512, DGZ, 32, 32, 3, 0, 21.06
512, DGZ, 32, 64, 3, 0, 27.91
512, DGZ, 64, 1, 3, 0, 23.18
512, DGZ, 64, 2, 3, 0, 22.4
512, DGZ, 64, 4, 3, 0, 24.58
512, DGZ, 64, 8, 3, 0, 23.06
512, DGZ, 64, 16, 3, 0, 22.36
512, DGZ, 64, 32, 3, 0, 29.52
512, DGZ, 64, 64, 3, 0, 49.4
512, DZG, 8, 1, 3, 0, 14.93
512, DZG, 8, 2, 3, 0, 17.1
512, DZG, 8, 4, 3, 0, 19.61
512, DZG, 8, 8, 3, 0, 26.41
512, DZG, 8, 16, 3, 0, 40.23
512, DZG, 8, 32, 3, 0, 43.36
512, DZG, 8, 64, 3, 0, 74.88
512, DZG, 16, 1, 3, 0, 15.48
512, DZG, 16, 2, 3, 0, 16.9
512, DZG, 16, 4, 3, 0, 21.49
512, DZG, 16, 8, 3, 0, 29.45
512, DZG, 16, 16, 3, 0, 46.52
512, DZG, 16, 32, 3, 0, 50.56
512, DZG, 16, 64, 3, 0, 93.61
512, DZG, 32, 1, 3, 0, 44.18
512, DZG, 32, 2, 3, 0, 18.23
512, DZG, 32, 4, 3, 0, 25.05
512, DZG, 32, 8, 3, 0, 37.23
512, DZG, 32, 16, 3, 0, 58.84
512, DZG, 32, 32, 3, 0, 70.27
512, DZG, 32, 64, 3, 0, 132.32
512, DZG, 64, 1, 3, 0, 17.5
512, DZG, 64, 2, 3, 0, 22.5
512, DZG, 64, 4, 3, 0, 34.72
512, DZG, 64, 8, 3, 0, 52.06
512, DZG, 64, 16, 3, 0, 84.47
512, DZG, 64, 32, 3, 0, 109.76
512, DZG, 64, 64, 3, 0, 218.1
512, GDZ, 8, 1, 3, 0, 18.49
512, GDZ, 8, 2, 3, 0, 16.47
512, GDZ, 8, 4, 3, 0, 16.19
512, GDZ, 8, 8, 3, 0, 16.11
512, GDZ, 8, 16, 3, 0, 16.68
512, GDZ, 8, 32, 3, 0, 18.07
512, GDZ, 8, 64, 3, 0, 23.22
512, GDZ, 16, 1, 3, 0, 17.31
512, GDZ, 16, 2, 3, 0, 17.29
512, GDZ, 16, 4, 3, 0, 16.15
512, GDZ, 16, 8, 3, 0, 16.15
512, GDZ, 16, 16, 3, 0, 18.39
512, GDZ, 16, 32, 3, 0, 19.14
512, GDZ, 16, 64, 3, 0, 23.04
512, GDZ, 32, 1, 3, 0, 18.12
512, GDZ, 32, 2, 3, 0, 17.39
512, GDZ, 32, 4, 3, 0, 17.61
512, GDZ, 32, 8, 3, 0, 18.34
512, GDZ, 32, 16, 3, 0, 19.21
512, GDZ, 32, 32, 3, 0, 20.19
512, GDZ, 32, 64, 3, 0, 29.66
512, GDZ, 64, 1, 3, 0, 20.18
512, GDZ, 64, 2, 3, 0, 20.58
512, GDZ, 64, 4, 3, 0, 21.19
512, GDZ, 64, 8, 3, 0, 20.06
512, GDZ, 64, 16, 3, 0, 20.95
512, GDZ, 64, 32, 3, 0, 27.79
512, GDZ, 64, 64, 3, 0, 49.64
512, GZD, 8, 1, 3, 0, 16.03
512, GZD, 8, 2, 3, 0, 14.9
512, GZD, 8, 4, 3, 0, 14.47
512, GZD, 8, 8, 3, 0, 14.45
512, GZD, 8, 16, 3, 0, 15.03
512, GZD, 8, 32, 3, 0, 16.4
512, GZD, 8, 64, 3, 0, 19.53
512, GZD, 16, 1, 3, 0, 16.65
512, GZD, 16, 2, 3, 0, 15.49
512, GZD, 16, 4, 3, 0, 15.5
512, GZD, 16, 8, 3, 0, 15.42
512, GZD, 16, 16, 3, 0, 17.17
512, GZD, 16, 32, 3, 0, 18.37
512, GZD, 16, 64, 3, 0, 22.53
512, GZD, 32, 1, 3, 0, 17.58
512, GZD, 32, 2, 3, 0, 17.14
512, GZD, 32, 4, 3, 0, 17.36
512, GZD, 32, 8, 3, 0, 18.28
512, GZD, 32, 16, 3, 0, 19.7
512, GZD, 32, 32, 3, 0, 21.63
512, GZD, 32, 64, 3, 0, 31.66
512, GZD, 64, 1, 3, 0, 20.24
512, GZD, 64, 2, 3, 0, 20.24
512, GZD, 64, 4, 3, 0, 21.78
512, GZD, 64, 8, 3, 0, 21.5
512, GZD, 64, 16, 3, 0, 23.28
512, GZD, 64, 32, 3, 0, 30.52
512, GZD, 64, 64, 3, 0, 55.64
512, ZDG, 8, 1, 3, 0, 14.04
512, ZDG, 8, 2, 3, 0, 13.91
512, ZDG, 8, 4, 3, 0, 15.48
512, ZDG, 8, 8, 3, 0, 18.97
512, ZDG, 8, 16, 3, 0, 25.2
512, ZDG, 8, 32, 3, 0, 45.14
512, ZDG, 8, 64, 3, 0, 80.58
512, ZDG, 16, 1, 3, 0, 14.84
512, ZDG, 16, 2, 3, 0, 15.59
512, ZDG, 16, 4, 3, 0, 19.85
512, ZDG, 16, 8, 3, 0, 25.83
512, ZDG, 16, 16, 3, 0, 48.49
512, ZDG, 16, 32, 3, 0, 73.72
512, ZDG, 16, 64, 3, 0, 111.99
512, ZDG, 32, 1, 3, 0, 16.33
512, ZDG, 32, 2, 3, 0, 19.78
512, ZDG, 32, 4, 3, 0, 26.84
512, ZDG, 32, 8, 3, 0, 47.52
512, ZDG, 32, 16, 3, 0, 78.23
512, ZDG, 32, 32, 3, 0, 105.87
512, ZDG, 32, 64, 3, 0, 187.57
512, ZDG, 64, 1, 3, 0, 18.6
512, ZDG, 64, 2, 3, 0, 24.81
512, ZDG, 64, 4, 3, 0, 46.06
512, ZDG, 64, 8, 3, 0, 78
512, ZDG, 64, 16, 3, 0, 117.88
512, ZDG, 64, 32, 3, 0, 177.53
512, ZDG, 64, 64, 3, 0, 345.18
512, ZGD, 8, 1, 3, 0, 14.66
512, ZGD, 8, 2, 3, 0, 14.31
512, ZGD, 8, 4, 3, 0, 14.41
512, ZGD, 8, 8, 3, 0, 15.91
512, ZGD, 8, 16, 3, 0, 18.09
512, ZGD, 8, 32, 3, 0, 34.09
512, ZGD, 8, 64, 3, 0, 45.05
512, ZGD, 16, 1, 3, 0, 15.44
512, ZGD, 16, 2, 3, 0, 15.68
512, ZGD, 16, 4, 3, 0, 16.64
512, ZGD, 16, 8, 3, 0, 19.38
512, ZGD, 16, 16, 3, 0, 34.59
512, ZGD, 16, 32, 3, 0, 55.16
512, ZGD, 16, 64, 3, 0, 54.16
512, ZGD, 32, 1, 3, 0, 16.9
512, ZGD, 32, 2, 3, 0, 18.53
512, ZGD, 32, 4, 3, 0, 20.18
512, ZGD, 32, 8, 3, 0, 37.14
512, ZGD, 32, 16, 3, 0, 55.72
512, ZGD, 32, 32, 3, 0, 59.01
512, ZGD, 32, 64, 3, 0, 99.59
512, ZGD, 64, 1, 3, 0, 21.82
512, ZGD, 64, 2, 3, 0, 24.88
512, ZGD, 64, 4, 3, 0, 43.32
512, ZGD, 64, 8, 3, 0, 62.24
512, ZGD, 64, 16, 3, 0, 66.12
512, ZGD, 64, 32, 3, 0, 112.23
512, ZGD, 64, 64, 3, 0, 188.97
384, DGZ, 8, 1, 4, 0, 20.98
384, DGZ, 8, 2, 4, 0, 19.41
384, DGZ, 8, 4, 4, 0, 17.88
384, DGZ, 8, 8, 4, 0, 16.98
384, DGZ, 8, 16, 4, 0, 16.56
384, DGZ, 8, 32, 4, 0, 17.67
384, DGZ, 8, 64, 4, 0, 19.57
384, DGZ, 16, 1, 4, 0, 20.18
384, DGZ, 16, 2, 4, 0, 18.41
384, DGZ, 16, 4, 4, 0, 17.93
384, DGZ, 16, 8, 4, 0, 17.18
384, DGZ, 16, 16, 4, 0, 17.64
384, DGZ, 16, 32, 4, 0, 18.96
384, DGZ, 16, 64, 4, 0, 22.17
384, DGZ, 32, 1, 4, 0, 20.8
384, DGZ, 32, 2, 4, 0, 19.71
384, DGZ, 32, 4, 4, 0, 19.45
384, DGZ, 32, 8, 4, 0, 20.43
384, DGZ, 32, 16, 4, 0, 20.12
384, DGZ, 32, 32, 4, 0, 23.26
384, DGZ, 32, 64, 4, 0, 29.88
384, DGZ, 64, 1, 4, 0, 23.51
384, DGZ, 64, 2, 4, 0, 23.4
384, DGZ, 64, 4, 4, 0, 25.25
384, DGZ, 64, 8, 4, 0, 24.58
384, DGZ, 64, 16, 4, 0, 25.9
384, DGZ, 64, 32, 4, 0, 31.84
384, DGZ, 64, 64, 4, 0, 54.24
384, DZG, 8, 1, 4, 0, 14.4
384, DZG, 8, 2, 4, 0, 15.6
384, DZG, 8, 4, 4, 0, 19.07
384, DZG, 8, 8, 4, 0, 26.03
384, DZG, 8, 16, 4, 0, 40.59
384, DZG, 8, 32, 4, 0, 43.37
384, DZG, 8, 64, 4, 0, 76.98
384, DZG, 16, 1, 4, 0, 14.6
384, DZG, 16, 2, 4, 0, 16.1
384, DZG, 16, 4, 4, 0, 20.77
384, DZG, 16, 8, 4, 0, 29.2
384, DZG, 16, 16, 4, 0, 46.08
384, DZG, 16, 32, 4, 0, 52.05
384, DZG, 16, 64, 4, 0, 94.44
384, DZG, 32, 1, 4, 0, 15.43
384, DZG, 32, 2, 4, 0, 18.24
384, DZG, 32, 4, 4, 0, 25.32
384, DZG, 32, 8, 4, 0, 36.9
384, DZG, 32, 16, 4, 0, 58.83
384, DZG, 32, 32, 4, 0, 70.47
384, DZG, 32, 64, 4, 0, 132.45
384, DZG, 64, 1, 4, 0, 17.34
384, DZG, 64, 2, 4, 0, 22.41
384, DZG, 64, 4, 4, 0, 35.32
384, DZG, 64, 8, 4, 0, 51.93
384, DZG, 64, 16, 4, 0, 85.42
384, DZG, 64, 32, 4, 0, 111.59
384, DZG, 64, 64, 4, 0, 220.68
384, GDZ, 8, 1, 4, 0, 18.86
384, GDZ, 8, 2, 4, 0, 17.33
384, GDZ, 8, 4, 4, 0, 16.72
384, GDZ, 8, 8, 4, 0, 16.47
384, GDZ, 8, 16, 4, 0, 16.32
384, GDZ, 8, 32, 4, 0, 19.7
384, GDZ, 8, 64, 4, 0, 25.98
384, GDZ, 16, 1, 4, 0, 18
384, GDZ, 16, 2, 4, 0, 17.21
384, GDZ, 16, 4, 4, 0, 17.2
384, GDZ, 16, 8, 4, 0, 17.02
384, GDZ, 16, 16, 4, 0, 17.51
384, GDZ, 16, 32, 4, 0, 20.95
384, GDZ, 16, 64, 4, 0, 28.75
384, GDZ, 32, 1, 4, 0, 18.72
384, GDZ, 32, 2, 4, 0, 18.39
384, GDZ, 32, 4, 4, 0, 18.42
384, GDZ, 32, 8, 4, 0, 18.65
384, GDZ, 32, 16, 4, 0, 18.69
384, GDZ, 32, 32, 4, 0, 24
384, GDZ, 32, 64, 4, 0, 34.5
384, GDZ, 64, 1, 4, 0, 21.14
384, GDZ, 64, 2, 4, 0, 21.15
384, GDZ, 64, 4, 4, 0, 21.97
384, GDZ, 64, 8, 4, 0, 21.05
384, GDZ, 64, 16, 4, 0, 21.8
384, GDZ, 64, 32, 4, 0, 30.61
384, GDZ, 64, 64, 4, 0, 56.63
384, GZD, 8, 1, 4, 0, 16.19
384, GZD, 8, 2, 4, 0, 15.61
384, GZD, 8, 4, 4, 0, 15.16
384, GZD, 8, 8, 4, 0, 15.11
384, GZD, 8, 16, 4, 0, 15.33
384, GZD, 8, 32, 4, 0, 17.66
384, GZD, 8, 64, 4, 0, 21.32
384, GZD, 16, 1, 4, 0, 16.41
384, GZD, 16, 2, 4, 0, 15.93
384, GZD, 16, 4, 4, 0, 15.9
384, GZD, 16, 8, 4, 0, 15.94
384, GZD, 16, 16, 4, 0, 17.01
384, GZD, 16, 32, 4, 0, 19.94
384, GZD, 16, 64, 4, 0, 26.43
384, GZD, 32, 1, 4, 0, 17.52
384, GZD, 32, 2, 4, 0, 17.17
384, GZD, 32, 4, 4, 0, 17.53
384, GZD, 32, 8, 4, 0, 17.87
384, GZD, 32, 16, 4, 0, 19
384, GZD, 32, 32, 4, 0, 24.75
384, GZD, 32, 64, 4, 0, 36.39
384, GZD, 64, 1, 4, 0, 20.61
384, GZD, 64, 2, 4, 0, 20.89
384, GZD, 64, 4, 4, 0, 21.77
384, GZD, 64, 8, 4, 0, 21.22
384, GZD, 64, 16, 4, 0, 23.33
384, GZD, 64, 32, 4, 0, 34.02
384, GZD, 64, 64, 4, 0, 63.41
384, ZDG, 8, 1, 4, 0, 14.46
384, ZDG, 8, 2, 4, 0, 15.48
384, ZDG, 8, 4, 4, 0, 16.81
384, ZDG, 8, 8, 4, 0, 21.26
384, ZDG, 8, 16, 4, 0, 29.87
384, ZDG, 8, 32, 4, 0, 53.78
384, ZDG, 8, 64, 4, 0, 97.36
384, ZDG, 16, 1, 4, 0, 15.72
384, ZDG, 16, 2, 4, 0, 16.71
384, ZDG, 16, 4, 4, 0, 21.21
384, ZDG, 16, 8, 4, 0, 30.2
384, ZDG, 16, 16, 4, 0, 56.34
384, ZDG, 16, 32, 4, 0, 92.32
384, ZDG, 16, 64, 4, 0, 166.85
384, ZDG, 32, 1, 4, 0, 17.35
384, ZDG, 32, 2, 4, 0, 21.22
384, ZDG, 32, 4, 4, 0, 31.53
384, ZDG, 32, 8, 4, 0, 55.27
384, ZDG, 32, 16, 4, 0, 93.39
384, ZDG, 32, 32, 4, 0, 153.39
384, ZDG, 32, 64, 4, 0, 235.07
384, ZDG, 64, 1, 4, 0, 20.17
384, ZDG, 64, 2, 4, 0, 28.3
384, ZDG, 64, 4, 4, 0, 52.48
384, ZDG, 64, 8, 4, 0, 88.23
384, ZDG, 64, 16, 4, 0, 160.58
384, ZDG, 64, 32, 4, 0, 208.01
384, ZDG, 64, 64, 4, 0, 423.98
384, ZGD, 8, 1, 4, 0, 15.76
384, ZGD, 8, 2, 4, 0, 15.86
384, ZGD, 8, 4, 4, 0, 15.96
384, ZGD, 8, 8, 4, 0, 17.65
384, ZGD, 8, 16, 4, 0, 22.56
384, ZGD, 8, 32, 4, 0, 39.6
384, ZGD, 8, 64, 4, 0, 57.27
384, ZGD, 16, 1, 4, 0, 16.68
384, ZGD, 16, 2, 4, 0, 16.71
384, ZGD, 16, 4, 4, 0, 18.38
384, ZGD, 16, 8, 4, 0, 23.66
384, ZGD, 16, 16, 4, 0, 40.56
384, ZGD, 16, 32, 4, 0, 65.1
384, ZGD, 16, 64, 4, 0, 96.83
384, ZGD, 32, 1, 4, 0, 18.3
384, ZGD, 32, 2, 4, 0, 19.89
384, ZGD, 32, 4, 4, 0, 25.06
384, ZGD, 32, 8, 4, 0, 43.83
384, ZGD, 32, 16, 4, 0, 67.15
384, ZGD, 32, 32, 4, 0, 110.27
384, ZGD, 32, 64, 4, 0, 140.65
384, ZGD, 64, 1, 4, 0, 23.84
384, ZGD, 64, 2, 4, 0, 30.8
384, ZGD, 64, 4, 4, 0, 52.43
384, ZGD, 64, 8, 4, 0, 80.86
384, ZGD, 64, 16, 4, 0, 126.75
384, ZGD, 64, 32, 4, 0, 156.09
384, ZGD, 64, 64, 4, 0, 266.54
256, DGZ, 8, 1, 6, 0, 22.18
256, DGZ, 8, 2, 6, 0, 20.45
256, DGZ, 8, 4, 6, 0, 18.52
256, DGZ, 8, 8, 6, 0, 17.56
256, DGZ, 8, 16, 6, 0, 17.21
256, DGZ, 8, 32, 6, 0, 18.95
256, DGZ, 8, 64, 6, 0, 21.78
256, DGZ, 16, 1, 6, 0, 21.1
256, DGZ, 16, 2, 6, 0, 19.02
256, DGZ, 16, 4, 6, 0, 18.68
256, DGZ, 16, 8, 6, 0, 17.94
256, DGZ, 16, 16, 6, 0, 18.76
256, DGZ, 16, 32, 6, 0, 21.08
256, DGZ, 16, 64, 6, 0, 25.52
256, DGZ, 32, 1, 6, 0, 22.44
256, DGZ, 32, 2, 6, 0, 21.05
256, DGZ, 32, 4, 6, 0, 20.94
256, DGZ, 32, 8, 6, 0, 21.71
256, DGZ, 32, 16, 6, 0, 23.23
256, DGZ, 32, 32, 6, 0, 26.69
256, DGZ, 32, 64, 6, 0, 35.09
256, DGZ, 64, 1, 6, 0, 25.87
256, DGZ, 64, 2, 6, 0, 25.74
256, DGZ, 64, 4, 6, 0, 28.71
256, DGZ, 64, 8, 6, 0, 28.88
256, DGZ, 64, 16, 6, 0, 32.13
256, DGZ, 64, 32, 6, 0, 37.66
256, DGZ, 64, 64, 6, 0, 63.79
256, DZG, 8, 1, 6, 0, 14.53
256, DZG, 8, 2, 6, 0, 15.88
256, DZG, 8, 4, 6, 0, 19.91
256, DZG, 8, 8, 6, 0, 26.48
256, DZG, 8, 16, 6, 0, 41.03
256, DZG, 8, 32, 6, 0, 46.79
256, DZG, 8, 64, 6, 0, 82.73
256, DZG, 16, 1, 6, 0, 14.99
256, DZG, 16, 2, 6, 0, 16.46
256, DZG, 16, 4, 6, 0, 21.27
256, DZG, 16, 8, 6, 0, 29.95
256, DZG, 16, 16, 6, 0, 48.05
256, DZG, 16, 32, 6, 0, 56.28
256, DZG, 16, 64, 6, 0, 101.87
256, DZG, 32, 1, 6, 0, 15.94
256, DZG, 32, 2, 6, 0, 18.75
256, DZG, 32, 4, 6, 0, 26.14
256, DZG, 32, 8, 6, 0, 38.11
256, DZG, 32, 16, 6, 0, 61.57
256, DZG, 32, 32, 6, 0, 76.75
256, DZG, 32, 64, 6, 0, 143.46
256, DZG, 64, 1, 6, 0, 18.09
256, DZG, 64, 2, 6, 0, 23.36
256, DZG, 64, 4, 6, 0, 36.89
256, DZG, 64, 8, 6, 0, 54.48
256, DZG, 64, 16, 6, 0, 89.02
256, DZG, 64, 32, 6, 0, 118.2
256, DZG, 64, 64, 6, 0, 232.8
256, GDZ, 8, 1, 6, 0, 18.92
256, GDZ, 8, 2, 6, 0, 17.53
256, GDZ, 8, 4, 6, 0, 17.01
256, GDZ, 8, 8, 6, 0, 18.03
256, GDZ, 8, 16, 6, 0, 17.28
256, GDZ, 8, 32, 6, 0, 22.23
256, GDZ, 8, 64, 6, 0, 32.28
256, GDZ, 16, 1, 6, 0, 18.08
256, GDZ, 16, 2, 6, 0, 17.7
256, GDZ, 16, 4, 6, 0, 17.46
256, GDZ, 16, 8, 6, 0, 18.36
256, GDZ, 16, 16, 6, 0, 18.95
256, GDZ, 16, 32, 6, 0, 24.54
256, GDZ, 16, 64, 6, 0, 36.18
256, GDZ, 32, 1, 6, 0, 18.88
256, GDZ, 32, 2, 6, 0, 18.87
256, GDZ, 32, 4, 6, 0, 18.56
256, GDZ, 32, 8, 6, 0, 20.49
256, GDZ, 32, 16, 6, 0, 21.38
256, GDZ, 32, 32, 6, 0, 28.87
256, GDZ, 32, 64, 6, 0, 42.59
256, GDZ, 64, 1, 6, 0, 21.27
256, GDZ, 64, 2, 6, 0, 21.52
256, GDZ, 64, 4, 6, 0, 22.82
256, GDZ, 64, 8, 6, 0, 23.27
256, GDZ, 64, 16, 6, 0, 25.24
256, GDZ, 64, 32, 6, 0, 36.8
256, GDZ, 64, 64, 6, 0, 68.55
256, GZD, 8, 1, 6, 0, 16.37
256, GZD, 8, 2, 6, 0, 15.61
256, GZD, 8, 4, 6, 0, 15.27
256, GZD, 8, 8, 6, 0, 15.44
256, GZD, 8, 16, 6, 0, 16.05
256, GZD, 8, 32, 6, 0, 19.01
256, GZD, 8, 64, 6, 0, 24.89
256, GZD, 16, 1, 6, 0, 16.18
256, GZD, 16, 2, 6, 0, 15.81
256, GZD, 16, 4, 6, 0, 15.93
256, GZD, 16, 8, 6, 0, 16.84
256, GZD, 16, 16, 6, 0, 18.19
256, GZD, 16, 32, 6, 0, 22.7
256, GZD, 16, 64, 6, 0, 31.97
256, GZD, 32, 1, 6, 0, 17.6
256, GZD, 32, 2, 6, 0, 17.65
256, GZD, 32, 4, 6, 0, 17.92
256, GZD, 32, 8, 6, 0, 19.81
256, GZD, 32, 16, 6, 0, 21.68
256, GZD, 32, 32, 6, 0, 29.54
256, GZD, 32, 64, 6, 0, 45.15
256, GZD, 64, 1, 6, 0, 20.96
256, GZD, 64, 2, 6, 0, 21.24
256, GZD, 64, 4, 6, 0, 22.7
256, GZD, 64, 8, 6, 0, 24.56
256, GZD, 64, 16, 6, 0, 27.93
256, GZD, 64, 32, 6, 0, 42.12
256, GZD, 64, 64, 6, 0, 78.91
256, ZDG, 8, 1, 6, 0, 17.03
256, ZDG, 8, 2, 6, 0, 17.5
256, ZDG, 8, 4, 6, 0, 19.38
256, ZDG, 8, 8, 6, 0, 24.51
256, ZDG, 8, 16, 6, 0, 37.27
256, ZDG, 8, 32, 6, 0, 72.51
256, ZDG, 8, 64, 6, 0, 151.45
256, ZDG, 16, 1, 6, 0, 18
256, ZDG, 16, 2, 6, 0, 19.35
256, ZDG, 16, 4, 6, 0, 24.74
256, ZDG, 16, 8, 6, 0, 36.9
256, ZDG, 16, 16, 6, 0, 71.81
256, ZDG, 16, 32, 6, 0, 137.61
256, ZDG, 16, 64, 6, 0, 247.31
256, ZDG, 32, 1, 6, 0, 20.28
256, ZDG, 32, 2, 6, 0, 25.05
256, ZDG, 32, 4, 6, 0, 38.56
256, ZDG, 32, 8, 6, 0, 71.41
256, ZDG, 32, 16, 6, 0, 131.6
256, ZDG, 32, 32, 6, 0, 221.33
256, ZDG, 32, 64, 6, 0, 337.57
256, ZDG, 64, 1, 6, 0, 22.85
256, ZDG, 64, 2, 6, 0, 33.85
256, ZDG, 64, 4, 6, 0, 66.21
256, ZDG, 64, 8, 6, 0, 119.81
256, ZDG, 64, 16, 6, 0, 227.92
256, ZDG, 64, 32, 6, 0, 309.54
256, ZDG, 64, 64, 6, 0, 645.32
256, ZGD, 8, 1, 6, 0, 17.82
256, ZGD, 8, 2, 6, 0, 18.21
256, ZGD, 8, 4, 6, 0, 18.58
256, ZGD, 8, 8, 6, 0, 22.37
256, ZGD, 8, 16, 6, 0, 29.6
256, ZGD, 8, 32, 6, 0, 53.9
256, ZGD, 8, 64, 6, 0, 93.95
256, ZGD, 16, 1, 6, 0, 19.42
256, ZGD, 16, 2, 6, 0, 19.43
256, ZGD, 16, 4, 6, 0, 22.42
256, ZGD, 16, 8, 6, 0, 30.69
256, ZGD, 16, 16, 6, 0, 55.63
256, ZGD, 16, 32, 6, 0, 109.2
256, ZGD, 16, 64, 6, 0, 177.72
256, ZGD, 32, 1, 6, 0, 20.17
256, ZGD, 32, 2, 6, 0, 23.59
256, ZGD, 32, 4, 6, 0, 31.48
256, ZGD, 32, 8, 6, 0, 58.99
256, ZGD, 32, 16, 6, 0, 105.86
256, ZGD, 32, 32, 6, 0, 184.68
256, ZGD, 32, 64, 6, 0, 259.36
256, ZGD, 64, 1, 6, 0, 28.85
256, ZGD, 64, 2, 6, 0, 39.93
256, ZGD, 64, 4, 6, 0, 73.6
256, ZGD, 64, 8, 6, 0, 131.88
256, ZGD, 64, 16, 6, 0, 205.38
256, ZGD, 64, 32, 6, 0, 268.25
256, ZGD, 64, 64, 6, 0, 504.7
128, DGZ, 8, 1, 12, 0, 22.39
128, DGZ, 8, 2, 12, 0, 21.1
128, DGZ, 8, 4, 12, 0, 19.7
128, DGZ, 8, 8, 12, 0, 18.64
128, DGZ, 8, 16, 12, 0, 18.32
128, DGZ, 8, 32, 12, 0, 20.15
128, DGZ, 8, 64, 12, 0, 24.2
128, DGZ, 16, 1, 12, 0, 24.88
128, DGZ, 16, 2, 12, 0, 21.89
128, DGZ, 16, 4, 12, 0, 21.03
128, DGZ, 16, 8, 12, 0, 20.62
128, DGZ, 16, 16, 12, 0, 20.94
128, DGZ, 16, 32, 12, 0, 25.09
128, DGZ, 16, 64, 12, 0, 32.73
128, DGZ, 32, 1, 12, 0, 27.33
128, DGZ, 32, 2, 12, 0, 25.05
128, DGZ, 32, 4, 12, 0, 24.77
128, DGZ, 32, 8, 12, 0, 24.95
128, DGZ, 32, 16, 12, 0, 27.42
128, DGZ, 32, 32, 12, 0, 35.05
128, DGZ, 32, 64, 12, 0, 50.82
128, DGZ, 64, 1, 12, 0, 33.21
128, DGZ, 64, 2, 12, 0, 31.79
128, DGZ, 64, 4, 12, 0, 32.63
128, DGZ, 64, 8, 12, 0, 35.95
128, DGZ, 64, 16, 12, 0, 42.36
128, DGZ, 64, 32, 12, 0, 57
128, DGZ, 64, 64, 12, 0, 88.24
128, DZG, 8, 1, 12, 0, 15.62
128, DZG, 8, 2, 12, 0, 17.03
128, DZG, 8, 4, 12, 0, 20.2
128, DZG, 8, 8, 12, 0, 27.77
128, DZG, 8, 16, 12, 0, 42.58
128, DZG, 8, 32, 12, 0, 49.26
128, DZG, 8, 64, 12, 0, 87.19
128, DZG, 16, 1, 12, 0, 16.81
128, DZG, 16, 2, 12, 0, 18.07
128, DZG, 16, 4, 12, 0, 22.84
128, DZG, 16, 8, 12, 0, 31.93
128, DZG, 16, 16, 12, 0, 50.44
128, DZG, 16, 32, 12, 0, 60.93
128, DZG, 16, 64, 12, 0, 111.03
128, DZG, 32, 1, 12, 0, 18.15
128, DZG, 32, 2, 12, 0, 20.35
128, DZG, 32, 4, 12, 0, 28.17
128, DZG, 32, 8, 12, 0, 40.73
128, DZG, 32, 16, 12, 0, 66.05
128, DZG, 32, 32, 12, 0, 85.13
128, DZG, 32, 64, 12, 0, 159.88
128, DZG, 64, 1, 12, 0, 20.55
128, DZG, 64, 2, 12, 0, 25.8
128, DZG, 64, 4, 12, 0, 38.81
128, DZG, 64, 8, 12, 0, 58.91
128, DZG, 64, 16, 12, 0, 97.55
128, DZG, 64, 32, 12, 0, 134.3
128, DZG, 64, 64, 12, 0, 259.53
128, GDZ, 8, 1, 12, 0, 19.9
128, GDZ, 8, 2, 12, 0, 19.06
128, GDZ, 8, 4, 12, 0, 20.33
128, GDZ, 8, 8, 12, 0, 18.59
128, GDZ, 8, 16, 12, 0, 21.32
128, GDZ, 8, 32, 12, 0, 28.55
128, GDZ, 8, 64, 12, 0, 46.77
128, GDZ, 16, 1, 12, 0, 19.27
128, GDZ, 16, 2, 12, 0, 18.6
128, GDZ, 16, 4, 12, 0, 19.64
128, GDZ, 16, 8, 12, 0, 19.31
128, GDZ, 16, 16, 12, 0, 22.86
128, GDZ, 16, 32, 12, 0, 33.16
128, GDZ, 16, 64, 12, 0, 54.33
128, GDZ, 32, 1, 12, 0, 20.09
128, GDZ, 32, 2, 12, 0, 20.19
128, GDZ, 32, 4, 12, 0, 21.04
128, GDZ, 32, 8, 12, 0, 21.09
128, GDZ, 32, 16, 12, 0, 27.08
128, GDZ, 32, 32, 12, 0, 41.29
128, GDZ, 32, 64, 12, 0, 68.7
128, GDZ, 64, 1, 12, 0, 22.42
128, GDZ, 64, 2, 12, 0, 22.6
128, GDZ, 64, 4, 12, 0, 25.02
128, GDZ, 64, 8, 12, 0, 26.14
128, GDZ, 64, 16, 12, 0, 34.08
128, GDZ, 64, 32, 12, 0, 55.07
128, GDZ, 64, 64, 12, 0, 99.63
128, GZD, 8, 1, 12, 0, 16.47
128, GZD, 8, 2, 12, 0, 15.5
128, GZD, 8, 4, 12, 0, 15.83
128, GZD, 8, 8, 12, 0, 15.82
128, GZD, 8, 16, 12, 0, 18.18
128, GZD, 8, 32, 12, 0, 22.59
128, GZD, 8, 64, 12, 0, 32.42
128, GZD, 16, 1, 12, 0, 16.39
128, GZD, 16, 2, 12, 0, 16.97
128, GZD, 16, 4, 12, 0, 17.18
128, GZD, 16, 8, 12, 0, 17.65
128, GZD, 16, 16, 12, 0, 21.21
128, GZD, 16, 32, 12, 0, 29.34
128, GZD, 16, 64, 12, 0, 46.94
128, GZD, 32, 1, 12, 0, 18.69
128, GZD, 32, 2, 12, 0, 18.49
128, GZD, 32, 4, 12, 0, 19.8
128, GZD, 32, 8, 12, 0, 20.85
128, GZD, 32, 16, 12, 0, 27.2
128, GZD, 32, 32, 12, 0, 41.53
128, GZD, 32, 64, 12, 0, 71.45
128, GZD, 64, 1, 12, 0, 22.51
128, GZD, 64, 2, 12, 0, 22.48
128, GZD, 64, 4, 12, 0, 25.17
128, GZD, 64, 8, 12, 0, 26.57
128, GZD, 64, 16, 12, 0, 37.75
128, GZD, 64, 32, 12, 0, 64.65
128, GZD, 64, 64, 12, 0, 118.08
128, ZDG, 8, 1, 12, 0, 21.66
128, ZDG, 8, 2, 12, 0, 25.32
128, ZDG, 8, 4, 12, 0, 27.65
128, ZDG, 8, 8, 12, 0, 37.06
128, ZDG, 8, 16, 12, 0, 57.96
128, ZDG, 8, 32, 12, 0, 94.87
128, ZDG, 8, 64, 12, 0, 215.75
128, ZDG, 16, 1, 12, 0, 24.91
128, ZDG, 16, 2, 12, 0, 26.95
128, ZDG, 16, 4, 12, 0, 34.95
128, ZDG, 16, 8, 12, 0, 53.56
128, ZDG, 16, 16, 12, 0, 88.96
128, ZDG, 16, 32, 12, 0, 175.83
128, ZDG, 16, 64, 12, 0, 418.14
128, ZDG, 32, 1, 12, 0, 28.17
128, ZDG, 32, 2, 12, 0, 35.78
128, ZDG, 32, 4, 12, 0, 54.96
128, ZDG, 32, 8, 12, 0, 89.62
128, ZDG, 32, 16, 12, 0, 178.5
128, ZDG, 32, 32, 12, 0, 392.77
128, ZDG, 32, 64, 12, 0, 722.34
128, ZDG, 64, 1, 12, 0, 34.51
128, ZDG, 64, 2, 12, 0, 53.01
128, ZDG, 64, 4, 12, 0, 89.22
128, ZDG, 64, 8, 12, 0, 183.32
128, ZDG, 64, 16, 12, 0, 394.36
128, ZDG, 64, 32, 12, 0, 694.65
128, ZDG, 64, 64, 12, 0, 20.05
128, ZGD, 8, 1, 12, 0, 0.01
128, ZGD, 8, 2, 12, 0, 0.01
128, ZGD, 8, 4, 12, 0, 0.01
128, ZGD, 8, 8, 12, 0, 0.01
128, ZGD, 8, 16, 12, 0, 0.01
128, ZGD, 8, 32, 12, 0, 0.01
128, ZGD, 8, 64, 12, 0, 0.01
128, ZGD, 16, 1, 12, 0, 0.01
128, ZGD, 16, 2, 12, 0, 0.01
128, ZGD, 16, 4, 12, 0, 0.01
128, ZGD, 16, 8, 12, 0, 0.01
128, ZGD, 16, 16, 12, 0, 0.01
128, ZGD, 16, 32, 12, 0, 0.01
128, ZGD, 16, 64, 12, 0, 0.01
128, ZGD, 32, 1, 12, 0, 0.01
128, ZGD, 32, 2, 12, 0, 0.01
128, ZGD, 32, 4, 12, 0, 0.01
128, ZGD, 32, 8, 12, 0, 0.01
128, ZGD, 32, 16, 12, 0, 0.01
128, ZGD, 32, 32, 12, 0, 0.01
128, ZGD, 32, 64, 12, 0, 0.01
128, ZGD, 64, 1, 12, 0, 0.01
128, ZGD, 64, 2, 12, 0, 0.01
128, ZGD, 64, 4, 12, 0, 0.01
128, ZGD, 64, 8, 12, 0, 0.01
128, ZGD, 64, 16, 12, 0, 0.01
128, ZGD, 64, 32, 12, 0, 0.01
128, ZGD, 64, 64, 12, 0, 0.01
64, DGZ, 8, 1, 24, 0, 0.01
64, DGZ, 8, 2, 24, 0, 0.01
64, DGZ, 8, 4, 24, 0, 0.01
64, DGZ, 8, 8, 24, 0, 0.01
64, DGZ, 8, 16, 24, 0, 0.01
64, DGZ, 8, 32, 24, 0, 0.01
64, DGZ, 8, 64, 24, 0, 0.01
64, DGZ, 16, 1, 24, 0, 0.01
64, DGZ, 16, 2, 24, 0, 0.01
64, DGZ, 16, 4, 24, 0, 0.01
64, DGZ, 16, 8, 24, 0, 0.01
64, DGZ, 16, 16, 24, 0, 0.01
64, DGZ, 16, 32, 24, 0, 0.01
64, DGZ, 16, 64, 24, 0, 0.01
64, DGZ, 32, 1, 24, 0, 0.01
64, DGZ, 32, 2, 24, 0, 0.01
64, DGZ, 32, 4, 24, 0, 0.01
64, DGZ, 32, 8, 24, 0, 0.01
64, DGZ, 32, 16, 24, 0, 0.01
64, DGZ, 32, 32, 24, 0, 0.01
64, DGZ, 32, 64, 24, 0, 0.01
64, DGZ, 64, 1, 24, 0, 0.01
64, DGZ, 64, 2, 24, 0, 0.01
64, DGZ, 64, 4, 24, 0, 0.01
64, DGZ, 64, 8, 24, 0, 0.01
64, DGZ, 64, 16, 24, 0, 0.01
64, DGZ, 64, 32, 24, 0, 0.01
64, DGZ, 64, 64, 24, 0, 0.01
64, DZG, 8, 1, 24, 0, 0.01
64, DZG, 8, 2, 24, 0, 0.01
64, DZG, 8, 4, 24, 0, 0.01
64, DZG, 8, 8, 24, 0, 0.01
64, DZG, 8, 16, 24, 0, 0.01
64, DZG, 8, 32, 24, 0, 0.01
64, DZG, 8, 64, 24, 0, 0.01
64, DZG, 16, 1, 24, 0, 0.01
64, DZG, 16, 2, 24, 0, 0.01
64, DZG, 16, 4, 24, 0, 0.01
64, DZG, 16, 8, 24, 0, 0.01
64, DZG, 16, 16, 24, 0, 0.01
64, DZG, 16, 32, 24, 0, 0.01
64, DZG, 16, 64, 24, 0, 0.01
64, DZG, 32, 1, 24, 0, 0.01
64, DZG, 32, 2, 24, 0, 0.01
64, DZG, 32, 4, 24, 0, 0.01
64, DZG, 32, 8, 24, 0, 0.01
64, DZG, 32, 16, 24, 0, 0.01
64, DZG, 32, 32, 24, 0, 0.01
64, DZG, 32, 64, 24, 0, 0.01
64, DZG, 64, 1, 24, 0, 0.01
64, DZG, 64, 2, 24, 0, 0.01
64, DZG, 64, 4, 24, 0, 0.01
64, DZG, 64, 8, 24, 0, 0.01
64, DZG, 64, 16, 24, 0, 0.01
64, DZG, 64, 32, 24, 0, 0.01
64, DZG, 64, 64, 24, 0, 0.01
64, GDZ, 8, 1, 24, 0, 0.01
64, GDZ, 8, 2, 24, 0, 0.01
64, GDZ, 8, 4, 24, 0, 0.01
64, GDZ, 8, 8, 24, 0, 0.01
64, GDZ, 8, 16, 24, 0, 0.01
64, GDZ, 8, 32, 24, 0, 0.01
64, GDZ, 8, 64, 24, 0, 0.01
64, GDZ, 16, 1, 24, 0, 0.01
64, GDZ, 16, 2, 24, 0, 0.01
64, GDZ, 16, 4, 24, 0, 0.01
64, GDZ, 16, 8, 24, 0, 0.01
64, GDZ, 16, 16, 24, 0, 0.01
64, GDZ, 16, 32, 24, 0, 0.01
64, GDZ, 16, 64, 24, 0, 0.01
64, GDZ, 32, 1, 24, 0, 0.01
64, GDZ, 32, 2, 24, 0, 0.01
64, GDZ, 32, 4, 24, 0, 0.01
64, GDZ, 32, 8, 24, 0, 0.01
64, GDZ, 32, 16, 24, 0, 0.01
64, GDZ, 32, 32, 24, 0, 0.01
64, GDZ, 32, 64, 24, 0, 0.01
64, GDZ, 64, 1, 24, 0, 0.01
64, GDZ, 64, 2, 24, 0, 0.01
64, GDZ, 64, 4, 24, 0, 0.01
64, GDZ, 64, 8, 24, 0, 0.01
64, GDZ, 64, 16, 24, 0, 0.01
64, GDZ, 64, 32, 24, 0, 0.01
64, GDZ, 64, 64, 24, 0, 0.01
64, GZD, 8, 1, 24, 0, 0.01
64, GZD, 8, 2, 24, 0, 0.01
64, GZD, 8, 4, 24, 0, 0.01
64, GZD, 8, 8, 24, 0, 0.01
64, GZD, 8, 16, 24, 0, 0.01
64, GZD, 8, 32, 24, 0, 0.01
64, GZD, 8, 64, 24, 0, 0.01
64, GZD, 16, 1, 24, 0, 0.01
64, GZD, 16, 2, 24, 0, 0.01
64, GZD, 16, 4, 24, 0, 0.01
64, GZD, 16, 8, 24, 0, 0.01
64, GZD, 16, 16, 24, 0, 0.01
64, GZD, 16, 32, 24, 0, 0.01
64, GZD, 16, 64, 24, 0, 0.01
64, GZD, 32, 1, 24, 0, 0.01
64, GZD, 32, 2, 24, 0, 0.01
64, GZD, 32, 4, 24, 0, 0.01
64, GZD, 32, 8, 24, 0, 0.01
64, GZD, 32, 16, 24, 0, 0.01
64, GZD, 32, 32, 24, 0, 0.01
64, GZD, 32, 64, 24, 0, 0.01
64, GZD, 64, 1, 24, 0, 0.01
64, GZD, 64, 2, 24, 0, 0.01
64, GZD, 64, 4, 24, 0, 0.01
64, GZD, 64, 8, 24, 0, 0.01
64, GZD, 64, 16, 24, 0, 0.01
64, GZD, 64, 32, 24, 0, 0.01
64, GZD, 64, 64, 24, 0, 0.01
64, ZDG, 8, 1, 24, 0, 0.01
64, ZDG, 8, 2, 24, 0, 0.01
64, ZDG, 8, 4, 24, 0, 0.01
64, ZDG, 8, 8, 24, 0, 0.01
64, ZDG, 8, 16, 24, 0, 0.01
64, ZDG, 8, 32, 24, 0, 0.01
64, ZDG, 8, 64, 24, 0, 0.01
64, ZDG, 16, 1, 24, 0, 0.01
64, ZDG, 16, 2, 24, 0, 0.01
64, ZDG, 16, 4, 24, 0, 0.01
64, ZDG, 16, 8, 24, 0, 0.01
64, ZDG, 16, 16, 24, 0, 0.01
64, ZDG, 16, 32, 24, 0, 0.01
64, ZDG, 16, 64, 24, 0, 0.01
64, ZDG, 32, 1, 24, 0, 0.01
64, ZDG, 32, 2, 24, 0, 0.01
64, ZDG, 32, 4, 24, 0, 0.01
64, ZDG, 32, 8, 24, 0, 0.01
64, ZDG, 32, 16, 24, 0, 0.01
64, ZDG, 32, 32, 24, 0, 0.01
64, ZDG, 32, 64, 24, 0, 0.01
64, ZDG, 64, 1, 24, 0, 0.01
64, ZDG, 64, 2, 24, 0, 0.01
64, ZDG, 64, 4, 24, 0, 0.01
64, ZDG, 64, 8, 24, 0, 0.01
64, ZDG, 64, 16, 24, 0, 0.01
64, ZDG, 64, 32, 24, 0, 0.01
64, ZDG, 64, 64, 24, 0, 0.01
64, ZGD, 8, 1, 24, 0, 0.01
64, ZGD, 8, 2, 24, 0, 0.01
64, ZGD, 8, 4, 24, 0, 0.01
64, ZGD, 8, 8, 24, 0, 0.01
64, ZGD, 8, 16, 24, 0, 0.01
64, ZGD, 8, 32, 24, 0, 0.01
64, ZGD, 8, 64, 24, 0, 0.01
64, ZGD, 16, 1, 24, 0, 0.01
64, ZGD, 16, 2, 24, 0, 0.01
64, ZGD, 16, 4, 24, 0, 0.01
64, ZGD, 16, 8, 24, 0, 0.01
64, ZGD, 16, 16, 24, 0, 0.01
64, ZGD, 16, 32, 24, 0, 0.01
64, ZGD, 16, 64, 24, 0, 0.01
64, ZGD, 32, 1, 24, 0, 0.01
64, ZGD, 32, 2, 24, 0, 0.01
64, ZGD, 32, 4, 24, 0, 0.01
64, ZGD, 32, 8, 24, 0, 0.01
64, ZGD, 32, 16, 24, 0, 0.01
64, ZGD, 32, 32, 24, 0, 0.01
64, ZGD, 32, 64, 24, 0, 0.01
64, ZGD, 64, 1, 24, 0, 0.01
64, ZGD, 64, 2, 24, 0, 0.01
64, ZGD, 64, 4, 24, 0, 0.01
64, ZGD, 64, 8, 24, 0, 0.01
64, ZGD, 64, 16, 24, 0, 0.01
64, ZGD, 64, 32, 24, 0, 0.01
64, ZGD, 64, 64, 24, 0, 0.01
